{"cameraMode":{"drawMode":0,"name":"Shaded","section":"Shading Mode"},"sceneLighting":true,"audioPlay":false,"sceneViewState":{"m_AlwaysRefresh":false,"showFog":true,"showSkybox":true,"showFlares":true,"showImageEffects":true,"showParticleSystems":true,"showVisualEffectGraphs":true,"m_FxEnabled":true},"in2DMode":false,"pivot":{"x":3.276254415512085,"y":-2.0646889209747316,"z":-15.657164573669434},"rotation":{"x":0.028462719172239305,"y":0.9709563851356506,"z":-0.15003438293933869,"w":0.18420514464378358},"size":3.8902463912963869,"orthographic":false}